,RegionName,State,CountyName,2018-05,Unnamed: 0,Price level,Rating,Latitude,Longitude,House Price Ranking,counts
0,Los Angeles,CA,Los Angeles,714700.0,7.0,,4.7,33.9888277,-118.3340017,Mid,4186
1,Los Angeles,CA,Los Angeles,714700.0,11.0,2.0,4.6,34.047626,-118.32761399999998,Mid,4186
2,Los Angeles,CA,Los Angeles,714700.0,12.0,,4.0,34.0516025,-118.2550754,Mid,4186
3,Los Angeles,CA,Los Angeles,714700.0,15.0,2.0,4.5,34.077119200000006,-118.2587199,Mid,4186
4,Los Angeles,CA,Los Angeles,714700.0,16.0,2.0,4.5,34.0828183,-118.32415859999999,Mid,4186
5,Los Angeles,CA,Los Angeles,714700.0,17.0,2.0,4.3,34.083804,-118.273852,Mid,4186
6,Los Angeles,CA,Los Angeles,714700.0,18.0,2.0,4.5,34.078587299999995,-118.3764199,Mid,4186
7,Los Angeles,CA,Los Angeles,714700.0,25.0,,4.7,33.9888277,-118.3340017,Mid,4186
8,Los Angeles,CA,Los Angeles,714700.0,29.0,,4.0,34.0516025,-118.2550754,Mid,4186
9,Los Angeles,CA,Los Angeles,714700.0,30.0,2.0,4.5,34.077119200000006,-118.2587199,Mid,4186
10,Los Angeles,CA,Los Angeles,714700.0,32.0,2.0,4.5,34.0828183,-118.32415859999999,Mid,4186
11,Los Angeles,CA,Los Angeles,714700.0,33.0,2.0,4.3,34.083804,-118.273852,Mid,4186
12,Los Angeles,CA,Los Angeles,714700.0,35.0,2.0,4.5,34.078587299999995,-118.3764199,Mid,4186
13,Los Angeles,CA,Los Angeles,714700.0,36.0,,4.5,34.0822255,-118.3768009,Mid,4186
14,Los Angeles,CA,Los Angeles,714700.0,38.0,2.0,4.4,34.100516999999996,-118.32927,Mid,4186
15,Los Angeles,CA,Los Angeles,714700.0,45.0,,4.7,33.9888277,-118.3340017,Mid,4186
16,Los Angeles,CA,Los Angeles,714700.0,49.0,2.0,4.6,34.0427223,-118.2529723,Mid,4186
17,Los Angeles,CA,Los Angeles,714700.0,50.0,2.0,4.6,34.047626,-118.32761399999998,Mid,4186
18,Los Angeles,CA,Los Angeles,714700.0,51.0,3.0,4.6,34.045013899999994,-118.2388682,Mid,4186
19,Los Angeles,CA,Los Angeles,714700.0,52.0,,4.0,34.0516025,-118.2550754,Mid,4186
20,Los Angeles,CA,Los Angeles,714700.0,55.0,2.0,4.5,34.077119200000006,-118.2587199,Mid,4186
21,Los Angeles,CA,Los Angeles,714700.0,57.0,2.0,4.5,34.0828183,-118.32415859999999,Mid,4186
22,Los Angeles,CA,Los Angeles,714700.0,58.0,2.0,4.3,34.083804,-118.273852,Mid,4186
23,Los Angeles,CA,Los Angeles,714700.0,68.0,,4.0,34.0516025,-118.2550754,Mid,4186
24,Los Angeles,CA,Los Angeles,714700.0,70.0,,4.7,33.9888277,-118.3340017,Mid,4186
25,Los Angeles,CA,Los Angeles,714700.0,71.0,2.0,4.5,34.077119200000006,-118.2587199,Mid,4186
26,Los Angeles,CA,Los Angeles,714700.0,72.0,2.0,4.6,34.118765,-118.179128,Mid,4186
27,Los Angeles,CA,Los Angeles,714700.0,74.0,2.0,4.3,34.083804,-118.273852,Mid,4186
28,Los Angeles,CA,Los Angeles,714700.0,78.0,2.0,4.5,34.0828183,-118.32415859999999,Mid,4186
29,Los Angeles,CA,Los Angeles,714700.0,85.0,,4.7,33.9888277,-118.3340017,Mid,4186
30,Los Angeles,CA,Los Angeles,714700.0,89.0,2.0,4.6,34.0427223,-118.2529723,Mid,4186
31,Los Angeles,CA,Los Angeles,714700.0,90.0,2.0,4.6,34.047626,-118.32761399999998,Mid,4186
32,Los Angeles,CA,Los Angeles,714700.0,91.0,3.0,4.6,34.045013899999994,-118.2388682,Mid,4186
33,Los Angeles,CA,Los Angeles,714700.0,92.0,,4.0,34.0516025,-118.2550754,Mid,4186
34,Los Angeles,CA,Los Angeles,714700.0,95.0,2.0,4.5,34.077119200000006,-118.2587199,Mid,4186
35,Los Angeles,CA,Los Angeles,714700.0,97.0,2.0,4.5,34.0828183,-118.32415859999999,Mid,4186
36,Los Angeles,CA,Los Angeles,714700.0,98.0,2.0,4.3,34.083804,-118.273852,Mid,4186
37,Long Beach,CA,Los Angeles,633200.0,5.0,2.0,4.6,33.7706309,-118.18221090000002,Mid,634
38,Long Beach,CA,Los Angeles,633200.0,23.0,2.0,4.6,33.7706309,-118.18221090000002,Mid,634
39,Long Beach,CA,Los Angeles,633200.0,43.0,2.0,4.6,33.7706309,-118.18221090000002,Mid,634
40,Long Beach,CA,Los Angeles,633200.0,62.0,2.0,4.6,33.7706309,-118.18221090000002,Mid,634
41,Long Beach,CA,Los Angeles,633200.0,83.0,2.0,4.6,33.7706309,-118.18221090000002,Mid,634
42,Glendale,CA,Los Angeles,927000.0,,,,,,High,23
43,Pomona,CA,Los Angeles,422000.0,,,,,,Low,1
44,Pasadena,CA,Los Angeles,921500.0,77.0,2.0,4.3,34.1410298,-118.1318744,High,33
45,Torrance,CA,Los Angeles,866700.0,0.0,2.0,4.6,33.836677200000004,-118.31893500000001,High,1405
46,Torrance,CA,Los Angeles,866700.0,1.0,,5.0,33.815576,-118.351367,High,1405
47,Torrance,CA,Los Angeles,866700.0,20.0,2.0,4.6,33.836677200000004,-118.31893500000001,High,1405
48,Torrance,CA,Los Angeles,866700.0,21.0,,5.0,33.815576,-118.351367,High,1405
49,Torrance,CA,Los Angeles,866700.0,40.0,,5.0,33.815576,-118.351367,High,1405
50,Torrance,CA,Los Angeles,866700.0,41.0,2.0,4.6,33.836677200000004,-118.31893500000001,High,1405
51,Torrance,CA,Los Angeles,866700.0,80.0,,5.0,33.815576,-118.351367,High,1405
52,Torrance,CA,Los Angeles,866700.0,81.0,2.0,4.6,33.836677200000004,-118.31893500000001,High,1405
53,Inglewood,CA,Los Angeles,571700.0,6.0,2.0,4.6,33.963341899999996,-118.35159740000002,Mid,14
54,Inglewood,CA,Los Angeles,571700.0,24.0,2.0,4.6,33.963341899999996,-118.35159740000002,Mid,14
55,Inglewood,CA,Los Angeles,571700.0,44.0,2.0,4.6,33.963341899999996,-118.35159740000002,Mid,14
56,Inglewood,CA,Los Angeles,571700.0,84.0,2.0,4.6,33.963341899999996,-118.35159740000002,Mid,14
57,Downey,CA,Los Angeles,572400.0,,,,,,Mid,3
58,Norwalk,CA,Los Angeles,480100.0,61.0,,4.4,33.902809399999995,-118.05391399999999,Low,46
59,Santa Monica,CA,Los Angeles,2665300.0,13.0,2.0,4.6,34.016769200000006,-118.4912757,High,1380
60,Santa Monica,CA,Los Angeles,2665300.0,14.0,,4.6,34.0203454,-118.4963926,High,1380
61,Santa Monica,CA,Los Angeles,2665300.0,31.0,2.0,4.6,34.016769200000006,-118.4912757,High,1380
62,Santa Monica,CA,Los Angeles,2665300.0,34.0,,4.6,34.0203454,-118.4963926,High,1380
63,Santa Monica,CA,Los Angeles,2665300.0,37.0,,4.5,34.0325744,-118.4944729,High,1380
64,Santa Monica,CA,Los Angeles,2665300.0,53.0,2.0,4.6,34.016769200000006,-118.4912757,High,1380
65,Santa Monica,CA,Los Angeles,2665300.0,54.0,,4.6,34.0203454,-118.4963926,High,1380
66,Santa Monica,CA,Los Angeles,2665300.0,56.0,,4.5,34.0325744,-118.4944729,High,1380
67,Santa Monica,CA,Los Angeles,2665300.0,93.0,2.0,4.6,34.016769200000006,-118.4912757,High,1380
68,Santa Monica,CA,Los Angeles,2665300.0,94.0,,4.6,34.0203454,-118.4963926,High,1380
69,Santa Monica,CA,Los Angeles,2665300.0,96.0,,4.5,34.0325744,-118.4944729,High,1380
70,Whittier,CA,Los Angeles,580200.0,,,,,,Mid,27
71,Redondo Beach,CA,Los Angeles,1197400.0,2.0,2.0,4.7,33.8189633,-118.3878771,High,507
72,Redondo Beach,CA,Los Angeles,1197400.0,3.0,2.0,4.6,33.817329,-118.38798700000001,High,507
73,Redondo Beach,CA,Los Angeles,1197400.0,22.0,2.0,4.6,33.817329,-118.38798700000001,High,507
74,Redondo Beach,CA,Los Angeles,1197400.0,42.0,2.0,4.6,33.817329,-118.38798700000001,High,507
75,Redondo Beach,CA,Los Angeles,1197400.0,73.0,2.0,4.6,33.817329,-118.38798700000001,High,507
76,Redondo Beach,CA,Los Angeles,1197400.0,82.0,2.0,4.6,33.817329,-118.38798700000001,High,507
77,Arcadia,CA,Los Angeles,1282500.0,76.0,,4.7,34.1432717,-118.03194009999999,High,26
78,San Gabriel,CA,Los Angeles,814400.0,66.0,,4.4,34.0796122,-118.093476,High,21
79,Hacienda Heights,CA,Los Angeles,683900.0,,,,,,Mid,3
80,Cerritos,CA,Los Angeles,742700.0,60.0,,4.3,33.8664609,-118.09279850000001,Mid,9
81,Culver City,CA,Los Angeles,1317500.0,8.0,1.0,4.2,34.00424,-118.409539,High,1002
82,Culver City,CA,Los Angeles,1317500.0,9.0,2.0,4.5,34.0065368,-118.41216000000001,High,1002
83,Culver City,CA,Los Angeles,1317500.0,26.0,1.0,4.2,34.00424,-118.409539,High,1002
84,Culver City,CA,Los Angeles,1317500.0,27.0,2.0,4.5,34.0065368,-118.41216000000001,High,1002
85,Culver City,CA,Los Angeles,1317500.0,46.0,1.0,4.2,34.00424,-118.409539,High,1002
86,Culver City,CA,Los Angeles,1317500.0,47.0,2.0,4.5,34.0065368,-118.41216000000001,High,1002
87,Culver City,CA,Los Angeles,1317500.0,79.0,1.0,4.2,34.00424,-118.409539,High,1002
88,Culver City,CA,Los Angeles,1317500.0,86.0,1.0,4.2,34.00424,-118.409539,High,1002
89,Culver City,CA,Los Angeles,1317500.0,87.0,2.0,4.5,34.0065368,-118.41216000000001,High,1002
90,West Hollywood,CA,Los Angeles,1764600.0,19.0,1.0,4.5,34.090790999999996,-118.390096,High,54
91,West Hollywood,CA,Los Angeles,1764600.0,39.0,1.0,4.5,34.090790999999996,-118.390096,High,54
92,West Hollywood,CA,Los Angeles,1764600.0,59.0,1.0,4.5,34.090790999999996,-118.390096,High,54
93,West Hollywood,CA,Los Angeles,1764600.0,99.0,1.0,4.5,34.090790999999996,-118.390096,High,54
94,Claremont,CA,Los Angeles,701700.0,,,,,,Mid,7
95,Hermosa Beach,CA,Los Angeles,1979800.0,4.0,,4.5,33.8645386,-118.3966923,High,464
96,Anaheim,,,,,,,,,,29
97,Brea,,,,,,,,,,45
98,Corona,,,,,,,,,,6
99,Huntington Beach,,,,,,,,,,30
100,Irvine,,,,,,,,,,20
101,Newport Beach,,,,,,,,,,34
102,Newport Coast,,,,,,,,,,2
103,Orange,,,,,,,,,,38
104,San Pedro,,,,,,,,,,1
105,Studio City,,,,,,,,,,5
106,Venice,,,,,,,,,,487
107,Yorba Linda,,,,,,,,,,18
